id,Title,url
0,El kilo de pan hallulla est√° a $790 en el L√≠der. No sabemos si estar√° en otros tambi√©n.,
1,Notebook HP 245 G8 14‚Äù (AMD Ryzen 5-5500U / 8GB RAM / 256GB SSD) baj√≥ a $339.990 pagando con la tarjetita en Abcdin.,https://descuentosrata.com/oferta/4745/-notebook-hp-245-g8-14-amd-ryzen-5-5500u--8gb-ram--256gb-ssd
2,"Notebook Acer 2en1 Touch Spin3 13,3"" (Intel Core i5 / 8GB RAM / 256GB SSD) baj√≥ a $399.990 pagando con la tarjetita en Abcdin.",https://descuentosrata.com/oferta/4746/-notebook-acer-2en1-touch-spin3-133-intel-core-i5--8gb-ram--256gb-ssd
3,Aspiradora robot iRobot Roomba E6 baj√≥ a $189.990 con todo medio de pago en la web de Aftech.,https://descuentosrata.com/oferta/4743/aspiradora-robot-irobot-roomba-e6-QrlJKL
4,6x Latas Cerveza Stella Artois (473ml) baj√≥ a $3.550 con todo medio de pago en el L√≠der.,https://descuentosrata.com/oferta/4744/6x-latas-cerveza-stella-artois-473ml
5,"Smartphone Samsung Galaxy S22 5G (128GB / Negro) + Smart TV LED Samsung 4K 55"" baj√≥ a $729.990 con todo medio de pago en la web de Abcdin.",https://descuentosrata.com/oferta/4742/-smartphone-samsung-galaxy-s22-5g-128gb--negro---smart-tv-led-samsung-4k-55-un55au709
6,No es la #SwitchA200 pero s√≠ a $249.990 con el cup√≥n AGOSTOAPP en Linio. ,https://descuentosrata.com/oferta/4739/-consola-de-videojuegos-nintendo-switch-32gb---neon
7,Las ratas avisan que Splatoon 3 queda en $41.642 si se le aplica el c√≥digo AGOSTOAPP en Linio.,https://descuentosrata.com/oferta/4727/-preventa-videojuego-splatoon-3-nintendo-switch--fisico
8,"Calentador De Toallas Recco (TH02F) baj√≥ a $9.990 con todo medio de pago en la web de Falaela. ¬øRealmente costaba 40 lucas? No lo s√©, Rick. Pero est√° barato. ",https://descuentosrata.com/oferta/4738/calentador-de-toallas-recco-th02f
9,"Pa los pokeratas, el Pokemon Shining Pearl est√° a 20 lucas en la web de Weplay.",https://twitter.com/DescuentosRata/status/1559283364733108228
10,"Notebook Acer Nitro 5 15.6"" (Core i5 / Nvidia GTX 1650 , 16GB RAM, 1TB HDD + 128GB SSD) baj√≥ a $699.990 pagando con la tarjeta esa en Linio. con el cup√≥n AGOSTOAPP tienen -15% (tope m√°ximo de $10.000)",https://descuentosrata.com/oferta/4735/notebook-gamer-nitro-5core-i5gtx-1650-16gb-ram1tb-hdd128gb-ssdpantalla-156
11,Variedades de Pan de molde Integral Fuchs est√°n con descuento (desde $1.450) con todo medio de pago en la web de Lider. ,https://descuentosrata.com/oferta/4734/-variedades-de-pan-de-molde-integral--fuchs
12,Smartwatch Apple Watch Series 7 GPS - 45mm (Blanco) baj√≥ a $339.990 pagando con la tarjetita en Linio. Si compran por la app con el c√≥digo AGOSTOAPP tendr√°n un 15% extra de descuento,https://descuentosrata.com/oferta/4731/-smartwatch-apple-watch-series-7-gps---45mm-blanco
13,El Apple Magic Trackpad 2 baj√≥ a $79.990 con todo medio de pago en Falabella. ,https://descuentosrata.com/oferta/4730/apple-magic-trackpad-2-QVzXkR
14,La preventa del Splatoon 3 para Nintendo Switch en F√≠sico est√° a $48.990 pagando con la tarjetita esa en Linio. Ojo que llega desde el 12 de septiembre,https://descuentosrata.com/oferta/4727/-preventa-videojuego-splatoon-3-nintendo-switch--fisico
15,SSD m.2 NVMe SAMSUNG 970 EVO Plus de 2TB est√° a $238.18 d√≥lares en Amazon.,https://descuentosrata.com/oferta/4729/ssd-m2-nvme-samsung-970-evo-plus---2tb-mz-v7s2t0bam
16,Consola Playstation 5 PS5 Disco baj√≥ a $599.990 pagando con la tarjetita en Linio. y si compras desde la app con el c√≥digo AGOSTOAPP te da un 15% extra de descuento.,https://descuentosrata.com/oferta/4728/consola-playstation-5-ps5-disco
17,Set de 5 cuchillos MASTER PRO - Acero inoxidable baj√≥ a $19.990 con todo medio de pago en KW Market. ,https://descuentosrata.com/oferta/4726/set-de-5-cuchillos-master-pro---acero-inoxidable
18,Samsung Galaxy A72 (de 128GB) baj√≥ a $229.990 con todo medio de pago en la web de Movistar.,https://descuentosrata.com/oferta/4722/-smartphone-samsung-galaxy-a72-128gb
19,La licuadora Kitchenaid K150 baj√≥ a $99.990 con todo medio de pago en Falaela. ,https://descuentosrata.com/oferta/4719/licuadora-kitchenaid-k150
20,"Hugo nos manda este par de tillas Adidas. Aprovech√≥ el 20% de descuento, y lo mejor: El env√≠o a PUERTO AYSEN le sali√≥ toograti.",https://descuentosrata.com/oferta/4720/-zapatillas-adidas-superstar-ot-tech
21,Freidora de aire Recco de 1.9 litros baj√≥ a $24.990 pagando con la tarjetita en http://falabella.com.,https://descuentosrata.com/oferta/4718/freidora-de-aire-recco-19lts-rfa-leggero15-bLWxVM
22,Camiseta de f√∫tbol Colo - Colo Adidas baj√≥ a $38.490 con todo medio de pago en la web de Hites. ,https://descuentosrata.com/oferta/4714/camiseta-de-futbol-adidas-colo-colo-bLW35L
23,Impresora Multifuncional L4260 WIFI marca EPSON baj√≥ a $149.990 pagando con Chek o tarjeta en la web de Ripley.,https://descuentosrata.com/oferta/4715/impresora-multifuncional-l4260-wifi--epson
24,"Para aprovechar el 20% adicional de la web de Adidas, la camiseta de la Selecci√≥n para adulto dice que est√° a $32.495, pero al agregarla al carrito queda en $25.996, con todo medio de pago",https://descuentosrata.com/oferta/4712/camiseta-de-local-de-la-seleccion-chilena-pR2yDr
25,Camiseta de la Selecci√≥n Chilena Adidas para ni√±o baj√≥ a $21.900 con todo medio de pago en la web de Falabella.,https://descuentosrata.com/oferta/4708/camiseta-seleccion-chilena-local-nino
26,Zapatillas Puremotion Se Adidas bajaron a $26.990 con todo medio de pago en la web de Falabella.,https://descuentosrata.com/oferta/4710/adidas-puremotion-se-zapatilla-urbana-mujer
27,"En L√≠der empez√≥ la campa√±a ""Precios que no se tocan"" donde van a mantener los precios en ciertos productos indispensables hasta el 28 de septiembre. ",https://descuentosrata.com/oferta/4711/el-kilo-de-marraqueta
28,El cepillo One Step (Secador y voluminizador) de Revlon baj√≥ a $29.990 pagando con la tarjetita esa en Falabella. ,https://descuentosrata.com/oferta/4707/cepillo-one-step-secador-y-voluminizador-revlon-bLWe7r
29,Cafetera de vapor espresso y cappuccino Oster (BVSTECMP65) baj√≥ a $79.990 con todo medio de pago en la web de Oster.,https://descuentosrata.com/oferta/4706/cafetera-de-vapor-espresso-y-cappuccino-oster-bvstecmp65
30,Pok√©mon Shining Pearl para Switch est√° en oferta a $19.990 con todo medio de pago s√≥lo en tiendas WePlay.,https://descuentosrata.com/oferta/4705/pokemon-shining-pearl-switch
31,"Notebook Lenovo IdeaPad 3 15,6'' (Intel Core i5 / 8GB RAM / 512GB SSD) baj√≥ a $349.990 con tarjeta, en Abcdin.",https://descuentosrata.com/oferta/4704/notebook-lenovo-ideapad-3-156-intel-core-i5--8gb-ram--512gb-ssd
32,Notebook Apple MacBook Air M1 (8GB RAM / 256GB SSD) baj√≥ a $749.990 pagando con la tarjetita en Abcdin.,https://descuentosrata.com/oferta/4698/-notebook-apple-macbook-air-m1-8gb-ram--256gb-ssd-kLyWmr
33,Compresor de aire Bauker port√°til 2 HP de 25 litros baj√≥ a $100.690 con todo medio de pago en la web de Falabella.,https://descuentosrata.com/oferta/4697/compresor-de-aire-bauker-portatil-2-hp-25-litros
34,"Pack Be Active Yoga Plegable + Block + Cinto baj√≥ a $4990 con todo medio de pago, en la web de Par√≠s.",https://descuentosrata.com/oferta/4696/pack-be-active-yoga-plegable--block--cinto
35,"Pack de 2 Cargadores USB Tipo C Xiaomi Mi Charger 20W, compatible con Android, iPhone, iPad, Nintendo Switch, etc baj√≥ a $11.990 con todo medio de pago, en la web de Entel.",https://descuentosrata.com/oferta/4695/2x-cargador-xiaomi-mi-20w-charger-type-c
36,"Galaxy Watch4 44mm con bluetooth (en negro, plateado y verde) baj√≥ a $99.990 con todo medio de pago en la web de Falabella.",https://descuentosrata.com/oferta/4694/galaxy-watch4-44mm-bluetooth
37,"Olla multifuncional Instant Pot Multicooker DUO PLUS 60 baj√≥ a $79.990 en Falabella, con todo medio de pago.",https://descuentosrata.com/oferta/4693/olla-multifuncional-instant-pot-multicooker-duo-plus-60
38,"Sistema de cocina Oster 5 en 1 con revestimiento Bioceramic (CKSTSCMC6) baj√≥ a $39.990 en Par√≠s, pagando con tarjeta.",https://descuentosrata.com/oferta/4691/sistema-de-cocina-oster-5-en-1-con-revestimiento-bioceramic-ckstscmc6
39,Varios ac√° lo esperaban: el iPhone SE (liberado para todas las compa√±√≠as) finalmente baj√≥ de las 200 lucas en la tienda web Entel; el precio aplica para clientes y no clientes.,https://descuentosrata.com/oferta/4692/iphone-se-2020-64gb-entel
40,iPhone 12 est√° a $449.995 con todo medio de pago en la web del Lider.,https://descuentosrata.com/oferta/4690/-smartphone-apple-iphone-12-64gb
41,Lleg√≥ este Smartwatch Instinct 2 Garmin a $299.990 con todo medio de pago en la web de Falabella.,https://descuentosrata.com/oferta/4686/smartwatch-instinct-2---garmin
42,Bundle de juegos de Resident Evil - Decades of Horror! Desde US$30 se llevan estos 11 juegazos  y un cup√≥n de 50%  para el Village. Estar√° disponible hasta el 24 de Agosto.,https://descuentosrata.com/oferta/4687/-resident-evil-decades-of-horror-pc
43,"Aud√≠fonos inal√°mbricos Samsung Galaxy Buds2 quedan a $89.990 con todo medio de pago, en Movistar.",https://descuentosrata.com/oferta/4681/-audifonos-inalambricos-samsung-galaxy-buds2
44,"Horno el√©ctrico EasyWays Pizza Oven baj√≥ a $69.990 con todo medio de pago, en Falabella.",https://descuentosrata.com/oferta/4684/horno-electrico-easyways-pizza-oven
45,"Smart TV QLED Samsung 8K 65"" (Q800T) baj√≥ a $799.990 con tarjeta en la web de Par√≠s.",https://descuentosrata.com/oferta/4682/qled-samsung-65-q800t-8k-smart-tv
46,"Smart TV QLED Samsung 4K 65"" (Q800T) baj√≥ a $799.990 con tarjeta en la web de Par√≠s.",https://descuentosrata.com/oferta/4682/qled-samsung-65-q800t-8k-smart-tv
47,"Notebook Chuwi CoreBook X 14"" (Intel Core i5-8259U / 8GB RAM / 512GB SSD) baj√≥ a $223.990 con todo medio de pago en la web de Abcdin.",https://descuentosrata.com/oferta/4678/-notebook-chuwi-corebook-x-14-intel-core-i5-8259u--8gb-ram-512gb-ssd
48,"Este colch√≥n Rosen Ergo T de 1.5 plazas baj√≥ a $99.990 con todo medio de pago, en la web de Hites.",https://descuentosrata.com/oferta/4677/colchon-rosen-ergo-t--15-plazas
49,Bicicleta Rock Creek Aro 24 Gris Huffy baj√≥ a $49.390 pagando con la  tarjetita en la web del L√≠der.,https://descuentosrata.com/oferta/4666/bicicleta-rock-creek-aro-24-gris--huffy
50,Bicicleta Kyra R26 Benotto baj√≥ a $49.590 pagando con la tarjetita en la web del L√≠der.,https://descuentosrata.com/oferta/4667/bicicleta-kyra-r26--benotto
51,Cyberpunk 2077 (PS4) baj√≥ a #osho lucas en locales WePlay. No est√° disponible para comprar v√≠a internet.,https://descuentosrata.com/oferta/4662/cyberpunk-2077-ps4
52,Horno el√©ctrico empotrable Electrolux (EOCE24L5RNS) baj√≥ a $289.990 con todo medio de pago en la web de Kitchen Center. ,https://descuentosrata.com/oferta/4674/horno-electrico-empotrable-electrolux-eoce24l5rns
53,"El par de tillas Nike Air Max SC baj√≥ a $41.495 en Belsport, con todo medio de pago. Ojo con las tallas.",https://descuentosrata.com/oferta/4673/zapatilla-nike-air-max-sc-blackwhite
54,"Notebook Dell Inspiron 3505 15,6‚Äù AMD Athlon 3050u Silver - 12GB RAM 256GB SSD baj√≥ a $219.990 con todo medio de pago en la web de Abcdin.",https://descuentosrata.com/oferta/4671/notebook-dell-inspiron-3505-156-amd-athlon-3050u-silver-12gb-ram-256gb-ssd
55,"Juguito de naranja Guallarauco de 1,75 litros baj√≥ a $2.690 con todo medio de pago en la web de Guallarauco.",https://descuentosrata.com/oferta/4672/-jugo-de-naranja-guallarauco---175-litros
56,Cama de mascota Rolly color gris baj√≥ a $49.990 con todo medio de pago en el live selling de Rosen. Tambi√©n est√° en color caf√© y taupen para que el bebito fiu fiu duerma como se merece,https://descuentosrata.com/oferta/4669/cama-de-mascota-rolly---cafe
57,S√°bana Copper Health de 200 hilos blanca (2 plazas) baj√≥ a $44.990 con todo medio de pago en el live selling de Rosen. El descuento es solo por media hora! ,https://descuentosrata.com/oferta/4668/sabana-copper-health---200-hilos-blanca-2-plazas
58,Bicicleta Mountain Bike aro 29 Aluminio | Ozark Trail baj√≥ a $68.990 pagando con la tarjetita en el L√≠der.,https://descuentosrata.com/oferta/4665/bicicleta-mountain-bike-29-aluminio--ozark-trail
59,Refrigerador Kubli Neu SBS (HC-689WEN) de 513 litros baj√≥ a $399.990 con todo medio de pago en la web de Kitchen Center.,https://descuentosrata.com/oferta/4663/refrigerador-kubli-neu-sbs-hc-689wen
60,Aud√≠fonos inal√°mbricos Harman Kardon Fly (over ear) bajaron a $79.990 con todo medio de pago en la web de Entel.,https://descuentosrata.com/oferta/4659/harman-kardon-audifonos-fly-over-ear
61,"El iPad Air M1 baj√≥ a $579.990 en Falabella web, pagando con la tarjetita.",https://descuentosrata.com/oferta/4652/-tablet-apple-ipad-air-m1-64gb--wifi
62,"El reloj inteligente Samsung Galaxy Watch4 40mm en color rosado, baj√≥ a $99.990 con la tarjeta, en la web de Falabella.",https://descuentosrata.com/oferta/4650/-smartwatch-samsung-galaxy-watch4---rosado-40mm
63,Batidora planetaria Oster (FPSTSMPL3W) con 10 velocidades baj√≥ a $99.990 con todo medio de pago en la web de Oster.,https://descuentosrata.com/oferta/4651/batidora-planetaria-osterr-fpstsmpl3w-con-10-velocidades
64,6 vinos 120 Gran Edici√≥n Malbec de 1500cc baj√≥ a $8.400 con todo medio de pago en la web de Santa Rita.,https://descuentosrata.com/oferta/4648/-caja-de-6x-vino-120-de-santa-rita-gran-edicion---malbec-1500cc
65,Freidora Airflow FDV baj√≥ a $69.990 con todo medio de pago en la web de Kitchen Center.,https://descuentosrata.com/oferta/4645/freidora-airflow-fd
66,AirPods de 2da generaci√≥n con estuche de carga bajaron a $89.990 pagando con la tarjetita en Linio.,https://descuentosrata.com/oferta/4644/airpods-con-estuche-de-carga-2da-generacion
67,Detergente Omo L√≠quido Multiacci√≥n (3 litros) baj√≥ a $7.650 con todo medio de pago en el L√≠der.,https://descuentosrata.com/oferta/4638/detergente-liquido-multiaccion-omo
68,Pack de 6 botellas de cerveza Sol (330ml) baj√≥ a $3.450 con todo medio de pago en el L√≠der.,https://descuentosrata.com/oferta/4637/-pack-6-botellas-de-cerveza-sol-330ml
69,Impresora L√°ser Monocrom√°tica Duplex Xerox B210-DNI (Wi-Fi) baj√≥ a $49.990 con todo medio de pago en ABCDIN. ,https://twitter.com/DescuentosRata/status/1552458698706108417
70,Casa de mu√±ecas Barbie - Casa Malibu baj√≥ a $74.990 con todo medio de pago en la web del L√≠der.,https://descuentosrata.com/oferta/4627/casa-de-munecas-barbie---casa-malibu
71,La zapatilla favorita de los k-popers est√° en oferta (s√≥lo en color blanco) a $49.990 pagando con tarjeta o Chek en la web de Ripley ,https://descuentosrata.com/oferta/4626/zapatilla-converse-run-star-hike
72,el pack de 12 Budweiser de 330cc baj√≥ a $3.493 pagando con la tarjetita esa aaaaaaaaaaaa,https://descuentosrata.com/oferta/4625/pack-x-12-cerveza-budweiser-lata
73,Zapatilla Adidas CrazyChaos 2.0 W baj√≥ a 26.450 con todo medio de pago en la web de Paris.,https://descuentosrata.com/oferta/4624/zapatilla-urbana-crazychaos-20-w-mujer
74,"Apple Watch S7 de 41 mm en colorcito rojo precioso, baj√≥ a $321.421 con todo medio de pago en la web del Laider. ",https://descuentosrata.com/oferta/4623/apple-watch-s7-gps-41-mm-aluminium-case-rojo
75,iPhone 11 de 128 GB baj√≥ a $467.750 con todo medio de pago (para clientes y no clientes) en la tienda web Entel. ,https://descuentosrata.com/oferta/4622/-smartphone-apple-iphone-11-128gb-bLW9Dr
76,Mu√±eca Chelsea de Barbie - Parque de Diversiones baj√≥ a $22.090 con todo medio de pago en la web del Lider.,https://descuentosrata.com/oferta/4617/muneca-chelsea-de-barbie---parque-de-diversiones
77,"Set Est√©e Lauder Advanced Night Repair + Esenciales de Hidrataci√≥n baj√≥ a $39.900 con todo medio de pago, igual en Ripley.",https://descuentosrata.com/oferta/4616/set-estee-lauder-advanced-night-repair-20-ml--esenciales-de-hidratacion
78,"Crema gel para cejas Anastasia Beverly Hills Dipbrown Taupe, baj√≥ a $9.990 con todo medio de pago en Ripley.",https://descuentosrata.com/oferta/4614/crema-gel-para-cejas-anastasia-beverly-hills-dipbrow---taupe
79,Hervidor el√©ctrico Oster de vidrio y control de temperatura de 1.7 litros (BVSTKT8980) baj√≥ a $24.990 con todo medio de pago en la web de Oster.,https://descuentosrata.com/oferta/4613/hervidor-electrico-oster-de-vidrio-y-control-de-temperatura-17-lt-bvstkt8980
80,"Pack Freidora de Aire Instant Vortex 4 en 1 de 1,9 litros + Libro Instant Crisp Mini baj√≥ a $49.990 con todo medio de pago en Instant Store.",https://descuentosrata.com/oferta/4612/pack-freidora-de-aire-instant-vortex-4-en-1-de-19-litros--libro-instant-crisp-mini
81,Casa de Juegos Grow'N Up Country Manor baj√≥ a $59.990 con todo medio de pago en la web del L√≠der. ,https://descuentosrata.com/oferta/4611/casa-de-juegos-grown-up-country-manor
82,Bicicleta Ozark Trail Flutter12 - Aro 12 baj√≥ a $34.990 pagando con la tarjetita en el L√≠der.,https://descuentosrata.com/oferta/4609/bicicleta-ozark-trail-flutter12---aro-12
83,Bicicleta Mountain Bike Ozark Trail Aro 26H a $34.990 pagando con la tarjetita esa en el L√≠der.,https://descuentosrata.com/oferta/4610/-bicicleta-mountain-bike-ozark-trail-aro-26h-zrZ30R
84,Labial Matte Nars Pour Toujours baj√≥ a $9.996 con todo medio de pago en Ripley. ,https://descuentosrata.com/oferta/4607/nars-lipstick-matte-pour-toujours
85,"Refrigerador Side by Side No Frost FDV Deluxe Prestige (518lts) baj√≥ a $379.990 pagando con la tarjetita, en la web de Paris.",https://descuentosrata.com/oferta/4606/refrigerador-fdv-side-by-side-no-frost-518-litros-deluxe-prestige
86,"Smart TV LED Onn 4K (75EU-FISDB) de 75"" baj√≥ a $359.990 en la web del L√≠der, con todo medio de pago",https://descuentosrata.com/oferta/4603/-smart-tv-led-onn-4k-75-75eu-fisdb
87,"Notebook Gamer HP OMEN, i5, 512 SSD, 8GB RAM, GeForce RTX 3060 de 6GB, 16.1"" pasa de costar 850 lucas a $474.990.- en L√≠der.",https://descuentosrata.com/oferta/4601/notebook-gamer-omen-16-b0509la--intel-core-i5-11400h--8gb-ram--512gb-ssd--nvidia-gefo
88,Smartwatch Samsung Galaxy Watch4 Classic (42mm) baj√≥ a $99.990 con todo medio de pago en Falabella.,https://descuentosrata.com/oferta/4600/-smartwatch-samsung-galaxy-watch4-classic-42mm-jr4q8R
89,"AirPods Pro con MagSafe bajaron a $179.990 con todo medio de pago, comprando en la tienda web Entel.",https://descuentosrata.com/oferta/4596/-audifonos-bluetooth-apple-airpods-pro-con-magsafe
90,"Xenoblade Chronicles 3 (Nintendo Switch / F√≠sico) queda a $42.491 pagando con CMR y agregando el c√≥digo JULIOAPP, en app Linio.",https://descuentosrata.com/oferta/4594/preventa-xenoblade-chronicles-3---nintendo-switch
91,"2x Vino Chardonnay Castillo de Molina, Gran Reserva de 750cc por $8.990 con todo medio de pago en la web del L√≠der. Como siempre, agreguen los 2 para que se vea reflejado el valor.",https://descuentosrata.com/oferta/4589/-2x-vino-chardonnay-castillo-de-molina---gran-reserva-750cc
92,"Tablet Lenovo Tab M7 (2da Gen), 7'', de 1GB Ram, 16GB Almacenamiento en Color negro baj√≥ a $39.990 pagando con transferencia en SP Digital. ",https://descuentosrata.com/oferta/4588/tablet-lenovo-tab-m7-2da-gen-7-1gb-ram-16gb-almacenamiento-lte-color-negro--sp-digita
93,Horno con freidora de aire Oster¬Æ de 35L baj√≥ a $79.990 con todo medio de pago en la web de Oster.,https://descuentosrata.com/oferta/4586/horno-con-freidora-de-aire-osterr-de-35l-tssttvls35
94,"0 boxers Palmers a 16 lucas en Falabella, con todo medio de pago.",https://descuentosrata.com/oferta/4587/pack-10x-boxers-palmers-hombre
95,"O si necesitan un macetero m√°s wrande: Un macetero de 50cm, lo bajaron a $11.990, tambi√©n en la web del Laider.",https://descuentosrata.com/oferta/4583/macetero-barril-50-cm
96,Para quienes buscan maceteros: Hay uno de 39cm a 7 lucas en la web del Laider.,https://descuentosrata.com/oferta/4582/macetero-barril-39-cm
97,2 C√≥ctel Sour Virrey del Per√∫ de 750cc por $5.290 en la web del Laider.,https://descuentosrata.com/oferta/4579/-2x-coctel-sour-virrey-del-peru-750cc
98,Zapato Mid Amarrillo Lippi baj√≥ a $39.990 con todo medio de pago en Ripley.  Solo queda talla 43.,https://descuentosrata.com/oferta/4578/zapato-bravo-mid-amarillo-lippi
99,"Notebook 2 en 1 Lenovo Chromebook 300e - ChromeOS (82CE0000US) baj√≥ a $69.990 con todo medio de pago en Falabella. Este Chromebook es el modelo con pantalla t√°ctil, por si se les hace m√°s c√≥modo usar las apps de Android de esa forma.",https://descuentosrata.com/oferta/4577/-notebook-2-en-1-lenovo-chromebook-300e---chromeos-82ce0000us
100,"Cama europea Celta Apolo Black de 2 Plazas (con base dividida), queda en $178.591 si la compran hoy lunes, con la tarjeta en la web del Laider.",https://descuentosrata.com/oferta/4576/cama-europea-celta-apolo-black-2-plazas-base-dividida
101,"Ya que las ratas le dieron dedo abajo al note de reci√©n, les dejamos una base de maquillaje Nyx, con un tono que no usa casi nadie, a menos de 3 lucas en la web de Par√≠s.",https://descuentosrata.com/oferta/4575/base-nyx-professional-makeup-maquillaje-hd-studio-espresso
102,"Notebook gamer HP Omen 16-b0509la (Core i5-11400H / 8GB RAM / 512GB SSD / Nvidia RTX 3060) baj√≥ a $849.990 en Linio, pagando con tarjetita.",https://descuentosrata.com/oferta/4574/-notebook-gamer-hp-omen-16-b0509la-core-i5-11400h--8gb-ram--512gb-ssd
103,Aspiradora robot Wurden WBT-SMARTKLEAN baj√≥ a $49.990 con CMR en Falabella.,https://descuentosrata.com/oferta/4573/aspiradora-robot-wurden-wbt-smartklean
104,"El pack de 180 Pa√±ales Pampers Premium Care XXG baj√≥ a $25.990 en la web de Falabella, vendidos por el Tottus.",https://descuentosrata.com/oferta/4569/pack-panal-premium-care-xxg-180un
105,"Este notebook Lenovo Ideapad 3 14"" (Ryzen 3-5300 / 8GB RAM / 256GB SSD) volvi√≥ a bajar a $299.990 con la tarjetita esa en la web de Abcdin.",https://descuentosrata.com/oferta/4566/-notebook-lenovo-ideapad-3-14-ryzen-3-5300--8gb-ram--256gb-ssd
106,"Galaxy Z Flip3 5G (256GB) + Tele de 50"" tambi√©n est√° a $699.990 en Abcdin.",https://descuentosrata.com/oferta/4568/-smartphone-samsung-galaxy-z-flip3-5g-256gb--smart-tv-led-samsung-50-4k-un50au7090gxz
107,"El combo Smartphone Samsung Galaxy S22 5G (256GB) + Smart TV LED Samsung 50"" (UN50AU7090GXZS) baj√≥ a $699.990 con todo medio de pago en la web de Abcdin.",https://descuentosrata.com/oferta/4565/-smartphone-samsung-galaxy-s22-5g-256gb---smart-tv-led-samsung-50-un50au7090gxzs
108,"En Farmacias Ahumada, durante este fin de semana (hasta el domingo 17) los anticonceptivos est√°n (la mayor√≠a) con 40% de descuento al ser de Familia Ahumada, inscribi√©ndose gratis en la web.",https://descuentosrata.com/oferta/4564/anticonceptivos-con-40-en-farmacias-ahumada
109,"Los amigos de Gangster Chile tienen una promo especial pal rater√≠o: Todos los buzos a 10 lucas desde hoy viernes 15 al domingo 17 de julio. Sin cupones, sin medios de pagos especiales.",https://descuentosrata.com/oferta/4563/gangster-chile---todos-los-buzos-a-10-lucas
110,"En MercadoLibre, la tienda de Oster tiene en oferta la Airfryer de 1.8 litros, digital, a $39.990.",https://descuentosrata.com/oferta/4560/freidora-de-aire-digital-osterr-de-18-litros--ckstaf18d
111,"Para los que est√°n equipando cocina o quieren cambiar algunas, en KW market hay un kit de ollas y sartenes de 7 piezas Infinity Chef m√°s unos utensilios de cocina de regalo, por $59.990.",https://descuentosrata.com/oferta/4559/pack-7-piezas-infinity-chef--utensilios-de-cocina-de-regalo
112,Cerave SA Crema Alisadora Anti-Rugosidades (340gr) baj√≥ a $9990 con tarjetita en Falabella.,https://descuentosrata.com/oferta/4558/sa-crema-alisadora-cerave-anti-rugosidades-340gr
113,Gel de Limpieza La Roche Posay Effaclar (400ml) baj√≥ a $11.490 con CMR en Falabella.,https://descuentosrata.com/oferta/4557/gel-de-limpieza-la-roche-posay-effaclar-400ml
114,Serum La Roche Posay Effaclar Ultraconcentrado (30ml) baj√≥ a $22.790 con CMR en Falabella.,https://descuentosrata.com/oferta/4555/serum-effaclar-ultraconcentrad-30ml
115,"Zapatilla Urbana Nike Crater Remixa - Hombre baj√≥ a $34.990 en Falabella, con todo medio de pago.",https://descuentosrata.com/oferta/4553/zapatilla-urbana-nike-crater-remixa---hombre
116,"La Xbox Serie S est√° a $319.990.- con todo medio de pago, pero con el cup√≥n GLOBAL20 queda en insuperables $255.992.",https://descuentosrata.com/oferta/4550/consola-xbox-serie-s
117,"Los aud√≠fonos Sony WH-1000XM4 quedan en 163k con el cup√≥n GLOBAL20 en Linio, pagando con tarjeta",https://descuentosrata.com/oferta/4549/audifonos-sony-wh-1000xm4-noise-cancelling-negro
118,"Y la playstation 5 con disco, pagando con CMR y el cup√≥n  Gloabl20, queda en insuperables $519.992.",https://descuentosrata.com/oferta/4548/consola-playstation-5-ps5---version-con-lector
119,"Planchita Oster Vapor Turbo Steam que est√° en todos lados sobre 30 lucas, hoy en la web de Oster a $19.990.",https://descuentosrata.com/oferta/4545/plancha-de-vapor-turbo-steam-osterr-gcstcs401
120,"Si quiere nadar en chela o tiene un cumplea√±os o qu√© s√© yo, esta es la suya: 72 latas de cerveza Golden Deer de 500cc a 20 lucas en Santa Rita Online.",https://descuentosrata.com/oferta/4544/72-latas-de-cerveza-golden-deer-500cc
121,"Ac√° un Lenovo Ideapad 3, de 14 pulgadas, Proce Ryzen 3-5400, 8GB de Ram y SSD de 256 en con ABCDin",https://descuentosrata.com/oferta/4543/notebook-lenovo-ideapad-3-14-fullhd-ryzen-3-5300-8gb-256gb-ssd
122,"En Ripley est√° m√°s barato, a $360.000 con la tarjeta o chek.",https://descuentosrata.com/oferta/4541/refrigerador-midea-mdrs619fge46-side-by-side-432-lts
123,"Refrigerador Side by Side (o sea, de 2 puertas) Midea de 432 litros a $389.990 en La Polar.",https://descuentosrata.com/oferta/4540/refrigerador-midea-432-litros-side-by-side-mdrs619fge46
124,Parka fea a 4 lucas en reeplai,https://descuentosrata.com/oferta/4539/parka-fea-a-4-lucas
125,Maquina Afeitadora One Blade Philips a $12.199 en Linio para nuestras ratitas barbudas ojeli a esta afeitadora,https://descuentosrata.com/oferta/4538/maquina-afeitadora-one-blade--philips
126,Las ratitas no fallan y tiraron un #ComboBreaker del vinito: x12 botellas Casillero Del Diablo Reserva Carmenere por $35.928 con todo medio pago en la web de Descorcha.,https://descuentosrata.com/oferta/4535/12-unidades-de-750cc-casillero-del-diablo-reserva-carmenere
127,"Y esta otra, que son 12 botellas de vino Casillero del Diablo Carmenere, que queda en $39.990.- y sumando y restando, termina a 3 lucas y algo cada botella.",https://descuentosrata.com/oferta/4534/caja-de-12-vinos-casillero-del-diablo-carmenere-750cc
128,"En L√≠der hay promos en algunos copetes. Por ejemplo, est√°n las 24 latas de Budweiser de 354cc a $8.990.- Eso s√≠, debe agregar 2 packs de 12 para que le haga el precio.",https://descuentosrata.com/oferta/4533/24-latas-de-cerveza-budweiser
129,"Poler√≥n Haka Honu Polaroid Negro Mujer queda a $29.990 con CMR, en app Linio.",https://descuentosrata.com/oferta/4532/poleron-mujer-polaroid-negro-haka-honu
130,Chaqueta Hombre Alpine B-Dry Hoody Jacket Negro Lippi queda en $72.990 al agregar el c√≥digo JULIOAPP y pagando con CMR en app Linio.,https://descuentosrata.com/oferta/4529/chaqueta-hombre-alpine-b-dry-hoody-jacket-negro-lippi
131," Notebook MSI Katana GF66 11SC-291CL 15.6"" (Core i5 / 8GB RAM / 512GB SSD / GTX 1650) baj√≥ a $649.990 con todo medio de pago en Abcdin. ",https://descuentosrata.com/oferta/4527/-notebook-msi-katana-gf66-11sc-291cl-156-core-i5--8gb-ram--512gb-ssd--gtx-1650
132,Notebook Dell Inspiron 3501 baj√≥ a $199.990 con la tarjetita en Abcdin.,https://twitter.com/DescuentosRata/status/1544826738814984197
133,"El panel convector Kaltemp Wally C 1500 baj√≥ a $69.990 en app Linio, agregando el c√≥digo JULIOAPP y pagando con CMR.",https://descuentosrata.com/oferta/4525/panel-convector-mural-kaltemp-wally-c-1500
134,"Lenovo Chromebook 100e baj√≥ a $69.990 con todo medio de pago en la web de Falabella. Imagina esto como una tablet con teclado para hacer tareas o pega, y ver Netflix. Para jugar, olv√≠dalo y pega la vuelta.",https://descuentosrata.com/oferta/4523/-notebook-lenovo-chromebook-100e-116-chrome-os
135,Horno oster 30 litros a 20 lucas,https://www.paris.cl/horno-tostador-30-litros-de-conveccion-407042999.html?utm_source=soicos&utm_medium=referral
136,"El sistema de nutrici√≥n Oster Actifit+ con dos vasos baj√≥ a $59.990, con todo medio de pago y env√≠o toograti. Ah√≠ para algunos de ustedes que siempre nos piden este producto",https://descuentosrata.com/oferta/4521/sistema-de-nutricion-oster-actifit-blstxpn7003
137,Plancha Hierro (100% real no fake) Basement Home baj√≥ a $5.990 pagando con la tarjeta en Linio.,https://descuentosrata.com/oferta/4520/plancha-hierro-basement-home
138,"3 botellas de Espumante Valdivieso variedades (Moscato, Demi Sec y Rose) de 750 cc bajaron a $10.290 con todo medio de pago en la web del L√≠der. ",https://descuentosrata.com/oferta/4519/-3-botellas-de-espumante-valdivieso-variedades-750-cc
139,"El Magic Keyboard con trackpad para iPad de 12.9"" baj√≥ a $269.990 en MercadoLibre.",https://descuentosrata.com/oferta/4517/teclado-apple-magic-keyboard-para-ipad-de-129-espanol-latinoamerica
140,"Horno el√©ctrico Oster de 30lts baj√≥ a $38.990 en la web del Easy, con todo medio de pago. ",https://descuentosrata.com/oferta/4516/horno-electrico-30-litros-gris-oster
141,24 Listerine de 500 a 5 lucas,https://descuentosrata.com/oferta/4514/24x-enjuague-bucal-listerine-control-sarro-500ml
142,"C√°mara deportiva GoPro Hero 10 Black baj√≥ a $359.990 en La Polar, con todo medio de pago.",https://descuentosrata.com/oferta/4515/camara-deportiva-gopro-hero-10-black
143,Smartphone Xiaomi Redmi Note 11 Pro 5G de 128GB baj√≥ a $259.990 pagando con la tarjeta y agregando el c√≥digo JUNIO10 en Linio.,https://descuentosrata.com/oferta/4511/xiaomi-redmi-note-11-pro-128gb-5g-8gb-dual-sim-azul
144,"El iMac M1 de 24"" queda a $899.990 con todo medio de pago, aplicando el cup√≥n APPLE10 en Linio.",https://descuentosrata.com/oferta/4504/-computador-apple-imac-m1-24-256gb
145,"Bolsas chicas de basura (50x70) de 10 unidades, est√°n a $200 en L√≠der Express (presencial) y Superbodega Acuenta (presencial y web)",https://descuentosrata.com/oferta/4503/bolsas-de-basura-lider-50x70cm---10un
146,6 Unidades de Pisco Diablo 35¬∫ de 700cc por $$23.990 con todo medio de pago en el L√≠der.,https://descuentosrata.com/oferta/4495/pisco-diablo-35o-700cc---6-unidades
147,"El tarro de Nidal Inicio (800g) baj√≥ a $5790 en la web del Jumbo, con todo medio de pago. Como siempre, a fijarse bien en la fecha de vencimiento.",https://descuentosrata.com/oferta/4501/formula-infantil-nidal-inicio-800-g
148,"M√°s buzos: Este Jogger liso Jack&Jones baj√≥ a $12.490 y tiene hartas tallas, con todo medio de pago, en web Par√≠s.",https://descuentosrata.com/oferta/4499/jogger-liso-print-marca
149,"Este pantal√≥n de buzo Champion de mujer, baj√≥ a $9990 con todo medio de pago, en Falabella.",https://descuentosrata.com/oferta/4496/pantalon-buzo-champion-mujer
150,Tambi√©n hay 25 juegos indie canjeables gratis si tienen suscripci√≥n a Amazon Prime Video.,https://descuentosrata.com/oferta/4483/amazon-prime-gaming-prime-day-2022
151,2 botellas Pisco Alto del Carmen 35¬∫ de 1 litro baj√≥ a $8.990 con todo medio de pago en la web del Laider. Deben agregar dos botellas al carrito para la oferta,https://descuentosrata.com/oferta/4493/pisco-alto-del-carmen-35o-de-1lt-2x8990-
152,"Por si todav√≠a no son los felices acreedores de una AirFryer, en Oster baj√≥ la de 4 litros, digital y programable,  de 100 lucas a $59.990.- con env√≠o gratis.",https://descuentosrata.com/oferta/4491/freidora-de-aire-digital-osterr-de-4-litros-ckstaf40d-bLWzaR
153,Estufa Calefactor PTC Kendal KPT-5157 baja a $42.492(+Env√≠o) ingresando el cup√≥n JUNIOAPP y pagando con CMR en app Linio.,https://descuentosrata.com/oferta/4488/estufa-calefactor-ptc-kendal-kpt-5157
154,"El amiibo de Zelda y su nebur√≠ est√° a $17.990 en WePlay, con todo medio de pago.",https://descuentosrata.com/oferta/4485/amiibo---zelda-and-loftwing---the-legend-of-zelda-skyward-sword-nintendo-switch
155,"Xiaomi Redmi Note 11 de 128GB de espacio y 4GB de RAM queda en $149.990 en la app de Linio, pagando con tarjetita y agregando el cup√≥n JUNIOAPP.",https://descuentosrata.com/oferta/4484/-xiaomi-redmi-note-11-128gb--4gb
156,"En KW Market el pack de 7 piezas (con 2x Olla,  2x Sart√©n y 1x Wok) para la cocina baj√≥ al precio rata que a todos nos gusta: $49.990, con todo medio de pago.",https://descuentosrata.com/oferta/4482/bateria-de-cocina-de-7-piezas-soho-kitchenware
157,"La teterita Oster (Super buena por cierto, la tengo yo y es de los mejores hervidores que han pasado por la cocina) de 1.7lts baj√≥ a $24.990 y despacho gratuito en la web de Oster.",https://descuentosrata.com/oferta/4479/hervidor-electrico-osterr-tradicional-17lt-bvstked388w
158,Alcohol gel de 500ml baj√≥ a $999 en farmacias Cruz Verde. Est√° en locales y en web,https://descuentosrata.com/oferta/4480/alcohol-gel-higenizante-de-manos-active-care-500ml
159,Tengo frio en las patitas as√≠ que aki iop publicando un calienta pies a 15 lucas en Linio con la tarjetita esa. Queda a $12.741 con c√≥digo ‚úÇÔ∏èJUNIOAPP a trav√©s de app Linio (el cup√≥n es para cualquier producto).,https://descuentosrata.com/oferta/4478/calienta-pies-con-puerto-usb
160,dos whisky irland√©s Jameson (40¬∞) de 750cc est√°n a $19.990 en la web del Laider.,https://descuentosrata.com/oferta/4476/2x-19990-whiskey--irlandes-40g-jameson-en-lider-web
161,Iphone 13 azul de 128gb baj√≥ a $687.981 con todo medio de pago en Linio.,https://descuentosrata.com/oferta/4473/apple-iphone-13-azul-128gb
162,iPhone 13 pro silver (128gb) baj√≥ a $899.991 pagando con la tarjetita en Linio,https://descuentosrata.com/oferta/4472/-apple-iphone-13-pro-silver-128gb
163,Un bolsito de color amarillo est√° a 5 lucas en la web de Ripley.,https://descuentosrata.com/oferta/4471/bolso-morral-spice-amarillo-head
164,El Xiaomi Mi Router 4A -versi√≥n gigabyte- baj√≥ a 15 lucas con todo medio de pago en abcdin.,https://descuentosrata.com/oferta/4469/mi-router-xiaomi-4a-giga-version
165,"La Licuadora cl√°sica Oster con motor reversible, modelo BLSTBESTE, baj√≥ a $44.990 con todo medio de pago en su sitio web.",https://descuentosrata.com/oferta/4468/licuadora-clasica-osterr-con-motor-reversible-blstbeste
166,"Consola Nintendo Switch OLED + Mario Strikers - Battle League (Nintendo Switch / F√≠sico) baj√≥ a $379.990 con la tarjetita en Linio, agregando el cup√≥n JUNIO10 antes de pagar.",https://descuentosrata.com/oferta/4465/-consola-nintendo-switch-oled---mario-strikers---battle-league-nintendo-switch--fisic
167,Whisky Chivas Regal 12 a√±os 40¬∞ (750cc) baj√≥ a $18.990 con todo medio de pago en la web del Laider.,https://descuentosrata.com/oferta/4463/-whisky-12-anos-chivas-regal
168,Man Eater gratis en la Epic Games Store! hasta el  Jueves 16 a las 11:00. Lo agregan y les queda para siempre en la biblioteca,https://descuentosrata.com/oferta/4455/man-eater-gratis-en-la-epic-store
169,"Shantae and the Pirate's Curse (PC) Gratis en la p√°gina de GOG por 40 horas m√°s, se registran y lo pueden ir a reclamar. Si le gustan los Metroidvania y las waifus, le va a gustar este jueguito :D",https://descuentosrata.com/oferta/4461/-shantae-and-the-pirates-curse-pc
170,No lleg√≥ el dato del The Legend of Zelda: Skyward Sword HD para Nintendo Switch a $24.990 en la tienda de WePlay!,https://descuentosrata.com/oferta/4460/solo-en-tienda-the-legend-of-zelda-skyward-sword-hd-switch
171,El Churu est√° a $1490 con tarjet en Ripley,https://descuentosrata.com/oferta/4447/snack-para-perro-o-gato-inaba-churu
172,Espejo con Joyero Blanco (146cm) baj√≥ a $39.990 con tarjeta en Par√≠s.,https://descuentosrata.com/oferta/4444/espejo-joyero-blanco-146cm
173,Samsung Galaxy Tav A7 Lite ed 64GB baj√≥ a $89.990 con todo medio de pago (para clientes y no clientes) en la tienda web Entel.,https://descuentosrata.com/oferta/4441/-samsung-galaxy-tab-a7-lite-64gb
174,"A 170 lucas los aud√≠fonos WH-1000XM4 en Par√≠s, con todo medio de pago.",https://descuentosrata.com/oferta/4432/-audifonos-bluetooth-sony-wh-1000xm4-noise-cancelling-xr6E4V
175,Kit Gamer Razer Battle Bundle BLACKSHARK V2 X - DEATHADDER V2 - GIGANTUS V2 queda a 70 lucas con tarjeta en Linio.,https://descuentosrata.com/oferta/4232/kit-gamer-razer-battle-bundle-blackshark-v2-x---deathadder-v2---gigantus-v2-m
176,LA CERAVE DE MEDIO ESTA A CINCO LUCAS CON TARJETA EN LINIO Y METANLE EL CODIGO ‚úÇÔ∏èRATA15,https://descuentosrata.com/oferta/4435/cerave-crema-hidratante-piel-seca-x-454-ml-pR2kXL
177,Aspiradora Robot Osoji Dojosan 990 con WiFi baj√≥ a $109.990 con todo medio de pago en Travel Tienda.,https://descuentosrata.com/oferta/4428/aspiradora-robot-osoji-dojosan-990-con-wifi
178,Xiaomi Redmi 9A de 32GB baj√≥ a $52.560 con todo medio de pago (para clientes y no clientes) en la tienda web Entel,https://descuentosrata.com/oferta/4429/-smartphone-xiaomi-redmi-9a-32gb-5rwk2r
179,Perfume Ralph Lauren Big Pony Pink 2 Mujer EDT de 100 ml baj√≥ a $29.990 con todo medio de pago en la web de Par√≠s.,https://descuentosrata.com/oferta/4423/perfume-ralph-lauren---big-pony-pink-2-mujer-edt-100-ml
180,Sierra caladora Sable 20v + 4 hojas de sierras por $138.495 con todo medio de pago en la web de Ferreter√≠a Imperial.,https://descuentosrata.com/oferta/4421/sierra-caladora-sable-20v--4-hojas-de-sierras-worx-wx550
181,Masajeador recargable de percusi√≥n para cuerpo entero baj√≥ a $29.990 con todo medio de pago en la web de Naipo Store.,https://descuentosrata.com/oferta/4418/masajeador-recargable-de-percusion-cuerpo-entero-naipo
182,No alcanzaron la Nintendo Switch OLED ayer? Tienen una nueva oportunidad: Nintendo Switch OLED + Mario Kart (f√≠sico) queda en $334.990 con CMR y usando el c√≥digo RATA15 antes de pagar.,https://descuentosrata.com/oferta/4425/-consola-nintendo-switch-oled---mario-kart-8-deluxe-nintendo-switch--fisico
183,Parrilla y panini Oster con revestimiento bioceramic baj√≥ a $49.990 con todo medio de pago en la web de Oster. ,https://descuentosrata.com/oferta/4424/parrilla-y-panini-osterr-revestimiento-bioceramicr-ckstpa4881
184,Freidora de Aire Thomas modelo TH-AF80Di baj√≥ a $69.990 con la tarjeta en la web de Paris.,https://descuentosrata.com/oferta/4422/freidora-de-aire-th-af80di-negro
185,Cama europea Celta apolo black de 2 plazas base normal baj√≥ a $149.990 pagando con la tarjeta en la web del Lider.,https://descuentosrata.com/oferta/4420/cama-europea-celta-apolo-black-2-plazas-base-normal
186,Aspiradora robot Irobot Roomba i3 baj√≥ a $249.990 con todo medio de pago en la web de Aftech Chile.,https://descuentosrata.com/oferta/4404/aspiradora-robot-irobot-roomba-i3
187,Bater√≠a de cocina 4 piezas de colores Mainstays baj√≥ a $28.990 con todo medio de pago en el Lider.,https://descuentosrata.com/oferta/4419/bateria-de-cocina-colores-4-piezas-mainstays
188,Refrigerador Samsung modelo SBS RS54N3003SL/ZS (535lts) baj√≥ a $539.990 con todo medio de pago en la web de Travel Tienda.,https://descuentosrata.com/oferta/4417/refrigerador-samsung-sbs-rs54n3003slzs-535lts
189,Cl√≥set Haus Atlanta con 6 Puertas y 2 Cajones baj√≥ a $59.990 con la tarjeta en la web del Lider. ,https://descuentosrata.com/oferta/4416/closet-haus-atlanta-6-puertas--2-cajones
190,la nueva Batidora planetaria con tecnolog√≠a Heatsoft (Modelo FPSTSMPL4W) baj√≥ a $249.990 con todo medio de pago en la web de Oster.,https://descuentosrata.com/oferta/4414/batidora-planetaria-osterr-con-tecnologia-heatsofttm-fpstsmpl4w
191,Refrigerador LG Instaview Craft Ice Side By Side 570Lts baj√≥ a $1.199.990 con todo medio de pago en la web del Lider. ,https://descuentosrata.com/oferta/4413/refrigerador-lg-instaview-craft-ice-side-by-side-570lts-ls66sxsc
192,Parlante Onyx 7 Harman Kardon baj√≥ a $139.990 con todo medio de pago (para clientes y no clientes) en la web de Entel.,https://descuentosrata.com/oferta/4405/parlante-onyx-7-harman-kardon
193,"Teclado Gamer HP OMEN Sequencer (Modelo 2VN99AAABM) baj√≥ a $89.995 pagando con transferencia, efectivo o dep√≥sito bancario en la web de Best Store.",https://descuentosrata.com/oferta/4410/teclado-gamer-hp-omen-sequencer-2vn99aaabm
194,Maleta Shell amarilla marca Benetton L baj√≥ a $39.990 pagando con la CMR en Falabella. Ojo que es solo por 1 hora ese valor!,https://descuentosrata.com/oferta/4407/maleta-shell-amarilla-benetton
195,"Hay una tele Winia de 32"" a $59.990 pagando con app Chek en Ripley.",https://descuentosrata.com/oferta/4400/led-smart-tv-winia-32-l32b900bqs
196,"Roku Express (Full HD) baj√≥ a $19.990 en Par√≠s, con todo medio de pago y env√≠o gratis.",https://descuentosrata.com/oferta/4397/dispositivo-de-streaming-roku-express-full-hd-orKGjr
197,Smartphone Apple iPhone 13 Pro Max 5G de 256GB queda a $974.990 pagando con CMR y agregando el cup√≥n m√°gico RATA15 antes de pagar.,https://descuentosrata.com/oferta/4392/-smartphone-apple-iphone-13-pro-max-5g-256gb
198,El teclado Mec√°nico Redragon Yama RGB Black - Purple Switches baj√≥ a $49.990 con transferencia en la web de New Game. ,https://descuentosrata.com/oferta/4389/teclado-mecanico-redragon-yama-rgb-black---purple-switches
199,Set de cuchillos Kantle Simple Cook baj√≥ a $99.990 con todo medio de pago en Kitchen Center.,https://descuentosrata.com/oferta/4386/set-de-cuchillos-simple-cook-kante
200,"Smart TV Samsung QLED 50"" 4K baj√≥ a $299.990 con la tarjeta en Paris.",https://descuentosrata.com/oferta/4385/-smart-tv-qled-samsung-50-4k-q60a-qVnPRn
201,Volvi√≥ otro #FavoritoDeLasRatas: Sart√©n doble de 28 CM a $18.990 con todo medio de pago en KW Kitchen.,https://descuentosrata.com/oferta/4387/sarten-doble-kitchenware-de-28cm
202,"Impresora Laser HP Laserjet 107A, baj√≥ a $47.935 pagando con transferencia, dep√≥sito bancario o efectivo en Best Store.",https://descuentosrata.com/oferta/4384/impresora-laserjet-107a-4zb77a697
203,"El Samsung Galaxy S22 de 128GB + 5 mil puntos Cencosud, baj√≥ a $499.990 en Paris con la tarjeta. Si lo estaban buscando, ahora es cuando. ",https://descuentosrata.com/oferta/4383/smartphone-samsung-galaxy-s22-5g-128gb--hantom-black
204,Cepillo 650w 7698 + sierra circular 1400w cs1004 Black&Decker baj√≥ a $74.995 con todo medio de pago en a web de Ferreter√≠a Imperial. ,https://descuentosrata.com/oferta/4382/cepillo-650w-7698--sierra-circular-1400w-cs1004---blackdecker
205,"Carlos Duty nueo (Call of Duty Vanguard) f√≠sico para la flamante PS5 -esa que se compraron el domingo por la noche-, baj√≥ a $33.992 en Linio con tarjeta y el cup√≥n Rata RATA15",https://descuentosrata.com/oferta/4362/-call-of-duty---vanguard-ps5--fisico
206,"Refrigerador Top Mount de 255 Litros, modelo RT25FARADS8/ZS baj√≥ a $229.990 pagando con la tarjetita esa en Paris.",https://descuentosrata.com/oferta/4378/refrigerador-samsung-top-mount-255-litros----rt25farads8zs
207,Moledora Multifuncional Tornado Pro de Brava Cucina baj√≥ a $38.990 con todo medio de pago en la web de A3D.,https://descuentosrata.com/oferta/4376/tornado-pro-de-brava-cucina
208,Kit Cafetera autom√°tica de espresso roja + PrimaLatte modelo BVSTEM6603R + Molinillo de caf√© Oster baj√≥ a $153.986 con todo medio de pago en la web de Oster,https://descuentosrata.com/oferta/4375/kit-cafetera-automatica-de-espresso-roja-oster-primalattetm-bvstem6603r-y-molinillo-d
209,24 botellas Corona de 330cc a $12.490 con todo medio de pago en la web del Lider.,https://descuentosrata.com/oferta/4373/6-x-botellas-corona-lager
210,La plancha a vapor vertical port√°til Oster modelo GCSTES100 baj√≥ a $19.990 con todo medio de pago en la web de Oster.,https://descuentosrata.com/oferta/4371/plancha-a-vapor-vertical-portatil-oster-gcstes100
211,"Nintendo Switch OLED + Mario Party Superstars baj√≥ a $359.990 en Ripley, pagando con app Chek.",https://descuentosrata.com/oferta/4370/-consola-nintendo-switch-oled--mario-party-superstars-nintendo-switch--fisico
212,Taladro Inal√°mbrico Hyper Tough (18V) baj√≥ a $21.990 con todo medio de pago en la web de Lider.,https://descuentosrata.com/oferta/4369/taladro-inalambrico-hyper-tough-18v-oVjm9L
213,Kit de peluquer√≠a ConairMan de 22 piezas baj√≥ a $21.990 con todo medio de pago en la web de Travel Tienda.,https://descuentosrata.com/oferta/4368/kit-de-peluqueria-conairman-de-22-piezas-hc7436
214,Notebook Gamer HP OMEN 16-b0509la (Intel Core i5-11400H / 8GB RAM / 512GB SSD / Nvidia RTX 3060) baj√≥ a $779.990 pagando con la tarjeta en Lider.,https://descuentosrata.com/oferta/4367/-notebook-gamer-hp-omen-16-b0509la-intel-core-i5-11400h--8gb-ram--512gb-ssd--nvidia-r
215,"Pack mix Don Lim√≥n 12 unidades (Sabor original, Maqui-Ar√°ndano y Menta-Jengibre) baj√≥ a $9.490 con todo medio de pago en la web de Bebidas Funcionales.",https://descuentosrata.com/oferta/4366/pack-mix-don-limon-12-unidades
216,"Six pack Cyber Like (Sabor pi√±a, mojito y blueberries) baj√≥ a $7.990 con todo medio de pago en la p√°gina de Like Drinks. ",https://descuentosrata.com/oferta/4365/six-pack-cyber-like
217,Tambi√©n encontramos este Serum Effaclar ultra concentrado de La Roche Posay 30ML baj√≥ a $21.490 con todo medio de pago en la web de Farmacias Ahumada.,https://descuentosrata.com/oferta/4364/la-roche-posay-effaclar-serum-ultra-concentrado-30ml
218,Ratitas wenas pal skincare: Serum Hyalu B5 de 30 de La Roche Posay 30ML baj√≥ a $21.490 con todo medio de pago en la web de Farmacias Ahumada.,https://descuentosrata.com/oferta/4363/la-roche-posay-serum-hyalu-b5-x-30-ml
219,Televisor Samsung LED de 60‚Äô‚Äô 4K baj√≥ a $429.990 con todo medio de pago en la web de Lider.,https://descuentosrata.com/oferta/4361/televisor-samsung-led-60-4k-ultra-hd-smart-tv--au7000
220,Aud√≠fonos HP Pavilion Gaming 400 bajaron a $11.997 pagando con efectivo/transferencia o $12.242 con otros medios de pago en Best Store. ,https://descuentosrata.com/oferta/4360/-auriculares-hp-pavilion-gaming-400-4bx31aaabl
221,Zapatillitas de ni√±os est√°n con 70% de descuento con todo medio de pago en la web de Colloky,https://descuentosrata.com/oferta/4359/zapatilla-urbana-de-nino-tipo-chunky-gris
222,Cepillo One Step Revlon secador y voluminizador baj√≥ a $29.990 con la tarjetita en la web de Par√≠s.,https://descuentosrata.com/oferta/4357/cepillo-one-step-secador-y-voluminizador-revlon
223,Xiaomi Redmi 10 de 128GB baj√≥ a $119.760 con todo medio de pago en la tienda web Entel.,https://descuentosrata.com/oferta/4355/xiaomi-redmi-10-128gb
224,Licuadora Oster con tecnolog√≠a reversible + vaso baj√≥ a $54.990 con todo medio de pago en la web de Oster.,https://descuentosrata.com/oferta/4354/licuadora-oster-tecnologia-reversible-y-vaso-blstpyg1211nbg
225,"Cafetera Nespresso Inissia D40 Negra + Espumador de Leche + $12.000 de cr√©ditos en caf√©, baj√≥ a $79.990 con todo medio de pago, en Falabella.",https://descuentosrata.com/oferta/4351/cafetera-inissia-d40-negra-y-espumador-de-leche
226,Volvi√≥ el Apple Watch 6 (GPS + Cellular) a $170.990 en Falabella.,https://descuentosrata.com/oferta/4352/apple-watch-series-6-40mm-gpscellular---caja-aluminio
227,"Mario Golf Super Rush (Nintendo Switch / F√≠sico) + Regalo baj√≥ a $39.990, con CMR, en Falabella.",https://descuentosrata.com/oferta/4332/mario-golf-super-rush--regalo
228,iPhone 13 de 128GB baj√≥ a $649.990 pagando con la tarjetita en Paris.,https://descuentosrata.com/oferta/4350/-smartphone-apple-iphone-13-128gb
229,Kit de mancuernas y barras 50 kg baj√≥ a $140.000 con todo medio de pago en Decathlon.,https://descuentosrata.com/oferta/4347/kit-mancuernas-y-barras-50-kg-corength
230,apatillas deportivas livianas para ni√±os de color azul baj√≥ a $9.995 con todo medio de pago en la web de Opaline.,https://descuentosrata.com/oferta/4338/zapatilla-deportiva-liviana-de-nino-opaline---azul
231,Fantastic Floating Mop A3D (Trapeador giratorio) baj√≥ $39.990 con todo medio de pago en la web de A3D.,https://descuentosrata.com/oferta/4337/fantastic-floating-mop-a3d
232,Aspiradora Robot Irobot Roomba 675 baj√≥ a $169.990 con todo medio de pago en Aftech. ,https://descuentosrata.com/oferta/4331/aspiradora-robot-irobot-roomba-675-DRQkVb
233,Kit Gamer Razer Battle Bundle (Mouse + mousepad + aud√≠fonos) baj√≥ a $76.990 pagando con la CMR en Linio. üëÅ Si agregan el cup√≥n 15RATA tienen un 15% de descuento adicional,https://descuentosrata.com/oferta/4232/kit-gamer-razer-battle-bundle-blackshark-v2-x---deathadder-v2---gigantus-v2-m
234,Consola PS5 con disco baj√≥ a $563.991 pagando con la L√≠der + el descuento por ser d√≠a lunes.,https://descuentosrata.com/oferta/4330/consola-ps5-con-disco---sony
235,Lavadora Midea Carga superior 8 kg baj√≥ a $112.791 pagando con la tarjeta L√≠der + el descuento de hoy lunes.,https://descuentosrata.com/oferta/4328/lavadora-midea-superior-8-kg-mls080be04n
236,Mouse Gamer HP Pavilion 300 (4PH30AAABL) de 20 lucas baj√≥ a $7.497 pagando con efectivo/transferencia en Best Store.,https://descuentosrata.com/oferta/4326/hp-300-pav-gaming-mouse-4ph30aaabl
237,Fut√≥n Memory Mainstays en color gris (pero hay otros) a $84.591 pagando con la tarjeta L√≠der hoy lunes. ,https://descuentosrata.com/oferta/4324/futon-memory-mainstays---gris-claro
238,Depiladora IPL Gama Doria baj√≥ a $149.990 con todo medio de pago en Hites. ,https://descuentosrata.com/oferta/4323/depiladora-lpl-gama---doria
239,Hervidor el√©ctrico de vidrio con selecci√≥n de temperatura e infusor de t√© baj√≥ a $29.990 en la web de Oster.,https://descuentosrata.com/oferta/4322/hervidor-electrico-de-vidrio-oster-con-seleccion-de-temperatura-e-infusor-de-te-bvstk
240,Airpods Pro con estuche MagSafe bajaron a $169.990 con la tarjetita en la web de Linio,https://descuentosrata.com/oferta/4321/airpods-pro-con-estuche-magsafe-apple-
241,iPhone 12 Pro Max de 128GB baj√≥ a %751.991 pagando con la tarjeta L√≠der. El precio final se ve reflejado en el carrito.,https://descuentosrata.com/oferta/4317/-smartphone-apple-iphone-12-pro-max-128gb--azul-KRY49r
242,Galaxy Watch4 Classic 42 mm baj√≥ a $99.990 con todo medio de pago en la web de http://Falabella.com,https://descuentosrata.com/oferta/4320/-smartwatch-samsung-galaxy-watch4-classic-42mm-aRAdor
243,En LaPolar hay un combo de escritorio + Notebook + impresora por $129.990 con la tarjetita esa o a $149.990 con todo medio de pago.,https://descuentosrata.com/oferta/4318/-notebook-hyundai-hybook-14-celeron--128gb-ssd--4gb-ram--escritorio-zibel-lime---mult
244,"Horno con freidora de aire Oster de 22 litros, baj√≥ a $69.990 con todo medio de pago en la web de Oster.",https://descuentosrata.com/oferta/4315/horno-con-freidora-de-aire-oster-tssttvmaf1-WV0K5L
245,M√°quina de coser Merritt ME6 color verde agua baj√≥ a $59.990 con todo medio de pago en Hites.,https://descuentosrata.com/oferta/4316/maquina-de-coser-merritt-me-6-verde-agua
246,"Oster se est√° rajando con buenos descuentos en el Cyber. Esta olla multifuci√≥n r√°pida de 5.7 litros, est√° a $69.990.",https://descuentosrata.com/oferta/4314/multi-olla-rapida-57-litros-oster--y-12-funciones-ckstpcec6801-WV0Yor
247,"Samsung Galaxy S20 FE 5G de 128GB, a 300 lucas en Par√≠s pagando con la tarjetita.",https://descuentosrata.com/oferta/4308/smartphone-galaxy-s20fe-5g-128gb-blue-liberado
248,Consola Nintendo Switch Neon 32GB baj√≥ a $249.990 pagando con la CMR en la web de Linio.,https://descuentosrata.com/oferta/4302/consola-nintendo-switch-neon-32gb
249,3x2 en videojuegos Nintendo con todo medio de pago en la web de WePlay.,https://descuentosrata.com/oferta/4299/videojuegos-de-nintendo
250,Monitor HP de 24‚Äô‚Äô IPS FLAT baj√≥ a $107.994 con todo medio de pago en la web de Best Store.,https://descuentosrata.com/oferta/4280/monitor-hp-24-ips-flat-75-5-ms-fhd
251,24 botellas Heineken de 330cc por $9.990 con todo medio de pago en La Barra.,https://descuentosrata.com/oferta/4276/-24-botellas-heineken--de-330-cc
252,Aspiradora Robot Robovac 15C Max baj√≥ a $129.990 con todo medio de pago y despacho gratis en la web de Ankerstore.,https://descuentosrata.com/oferta/4279/-aspiradora-robot-robovac-15c-max
253,Cama Celta Europea Apolo Black (1 plaza) baj√≥ a $99.990 con todo medio de pago en la web de Hites.,https://descuentosrata.com/oferta/4278/-cama-europea-celta-apolo-black-1-plaza
254,Rasuradora giratoria recargable SHV1600 ConAir baj√≥ a $14.990 con too medio de pago.,https://descuentosrata.com/oferta/4275/rasuradora-giratoria-recargable-shv1600-de-conairman
255,Nintendo Switch Oled (64GB) baj√≥ a $349.990 con todo medio de pago en la web de Linio,https://descuentosrata.com/oferta/4292/consola-nintendo-switch-oled-64gb-blanca
256,La PS5 con lector baj√≥ a $599.990 con la tarjetita en la web de Par√≠s.,https://descuentosrata.com/oferta/4274/-consola-playstation-5---edicion-con-disco
257,Reproductor Streaming Roku Express 4K baj√≥ a $29.990 con la tarjetita en la web de La Polar,https://descuentosrata.com/oferta/4289/reproductor-streaming-roku-express-4k
258,iPhone 11 de 64 GB baj√≥ a $395.760 con todo medio de pago en la tienda web Entel.,https://descuentosrata.com/oferta/4273/-smartphone-apple-iphone-11-64gb-dVN4lR
259,Pack de 6 vinos Winemaker Syrah de 750cc por $20.958 con todo medio de pago en la web de Valdivieso.,https://descuentosrata.com/oferta/4285/winemaker-reserva-syrah-6-botellas
260,En ABCDIN ya comenz√≥ el Cyber y encontramos el Samsung Galaxy Z Flip 3 5G (128GB) color crema que baj√≥ a $549.990 con todo medio de pago.,https://descuentosrata.com/oferta/4284/celular-samsung-galaxy-z-flip3-5g-128gb-cream-QrljEL
261,Silla Gamer Cougar Outrider S Black baj√≥ a $154.990 con todo medio de pago en la web de Travel Club.,https://descuentosrata.com/oferta/4282/silla-gamer-cougar-outrider-s-QrlkWV
262,"Refrigerador Mademsa Combi Nordik 415 Plus de 241 Litros, baj√≥ a $199.990 pagando con la tarjetita en la web de ABCDin.",https://descuentosrata.com/oferta/4277/refrigerador-mademsa-combi-nordik-415-plus-241-litros
263,Tablet Samsung Galaxy Tab S6 Lite + Book Cover baj√≥ a $229.990 en Travel Tienda con todo medio de pago. ,https://descuentosrata.com/oferta/4272/-tablet-samsung-galaxy-tab-s6-lite--book-cover-wV1zor
264,S√∫per Freidora de Aire Oster (10 Litros) baj√≥ a $99.990 pagando con la tarjetita ABCvisa en la web de ABCDIN.,https://descuentosrata.com/oferta/4271/super-freidora-de-aire-oster-10-litros-ckstafov3-ZVqwER
265,Aud√≠fonos Huawei Freebuds 4i Black bajaron a $39.990 con todo medio de pago en la web de ABCDIN. ,https://descuentosrata.com/oferta/4265/-audifonos-bluetooth-tws-huawei-freebuds-4i-6Ld0xL
266,"Smartphone Samsung Galaxy A52 baj√≥ a $169.990 en Abcdin, con todo medio de pago.",https://descuentosrata.com/oferta/4264/-smartphone-samsung-galaxy-a52-128gb
267,"Samsung Galaxy A52 + Aud√≠fonos Galaxy Buds 2 + Cargador r√°pido a $179.990, en La Polar con todo medio de pago.",https://descuentosrata.com/oferta/4268/-smartphone-samsung-galaxy-a52---audifonos-inalambricos-samsung-galaxy-buds-2--cargad
268," Smartphone Apple iPhone 13 Pro 5G (128GB) baj√≥ a $849.990 con todo medio de pago, en Abcdin.",https://descuentosrata.com/oferta/4266/-smartphone-apple-iphone-13-pro-5g-128gb
269,DirecTV Go Box a $26.990 en Linio,https://descuentosrata.com/oferta/4257/directv-go-box-4k
270,Control PS5 Dualsense Wireless baj√≥ a $39.990 pagando con la tarjetita esa o con Chek en Ripley.,https://descuentosrata.com/oferta/4255/control-ps5-dualsense-wireless
271,"Encimera CEG-4600IN Gas Acero marca Sindelen, baj√≥ a $79.990 con todo medio de pago en ABCDIN.",https://descuentosrata.com/oferta/4253/encimera-ceg-4600in-gas-acero
272,Control Sony Dualsense para PS5 baj√≥ a $44.990 con todo medio de pago en la web de Abcdin.,https://descuentosrata.com/oferta/4249/control-sony-dualsense-ps5
273,Router Huawei AX3 (Quad Core) baj√≥ a $39.990 con todo medio de pago en la web de Entel.,https://descuentosrata.com/oferta/4244/router-huawei-ax3-quad-core-braWDL
274,"OPPO A54 de 128GB baj√≥ a $95.760 en Entel, con todo medio de pago.",https://descuentosrata.com/oferta/4239/smartphone-oppo-a54-128gb
275,"FIFA 22 (PC / Steam) baj√≥ a 7 lucas en Steam, o a 3 lucas si tienen el FIFA 21.",https://descuentosrata.com/oferta/4237/fifa-22-a-7-lucas-en-steam
276,"Multifuncional Canon PIXMA TR4522 con WiFi, baj√≥ a $59.990 con la tarjetita esa, en Abcdin.",https://descuentosrata.com/oferta/4233/multifuncional-canon-pixma-tr4522-wireless
277,Las 24 latas de Royal Guard Lager (350cc) quedan a $8.990 con todo medio de pago en la web del Laider.,https://descuentosrata.com/oferta/4231/24x-latas-cerveza-royal-guard-lager-350cc
278,La Roomba i7 baj√≥ a $249.990 (cuesta sobre 650 lucas) con todo medio de pago,https://descuentosrata.com/oferta/4229/aspiradora-robot-irobot-roomba-i7
279,NBA 2K22 para Nintendo Switch baj√≥ a $7.038 con todo medio de pago en Nintendo eShop de Chile.,https://descuentosrata.com/oferta/4227/-nba-2k22-nintendo-switch
280,The Witcher 3: Wild Hunt - Edici√≥n GOTY (PC) baj√≥ a USD$3.95 en http://GOG.com,https://descuentosrata.com/oferta/4226/-the-witcher-3-wild-hunt---game-of-the-year-edition-pc-6Vmj3r
281,Para los que a√∫n sue√±an con: S√∫per Freidora de Aire Oster (10 Litros) CKSTAFOV3 baj√≥ a $109.990 con todo medio de pago en la web Abcdin.,https://descuentosrata.com/oferta/4220/super-freidora-de-aire-oster-10-litros-ckstafov3
282,Mario Strikers: Battle League Football (Nintendo Switch / F√≠sico) baj√≥ a $42.492 en app Linio pagando con tarjeta CMR Visa/Mastercard.,https://descuentosrata.com/oferta/4222/-preventa-mario-strikers-battle-league-football-nintendo-switch--fisico
283,"Smart TV LED Master-G de 24"" (HD 720p) baj√≥ a $49.990 con la tarjetita en La Polar.",https://descuentosrata.com/oferta/4217/smart-tv-led-master-g-mgs2408x-24-hd-720p
284,"Notebook Lenovo Ideapad 5 (AMD Ryzen 7 / 16GB RAM / 256GB SSD / 15.6"" Full HD) baj√≥ a $669.990 con todo medio de pago en la web de Abcdin.",https://descuentosrata.com/oferta/4218/ideapad-5-ryzen-7-16gb-256gb-ssd-156-fhd
285,iPhone 12 64GB Negro - Claro baj√≥ a $599.990 con todo medio de pago en la web de Abcdin.,https://descuentosrata.com/oferta/4216/-iphone-12-64gb-negro---claro
286,Smartphone Xiaomi 11T Pro (256GB / 5G / Dual SIM) en 4 colores baj√≥ a $389.990 con todo medio de pago en la web de Abcdin.,https://descuentosrata.com/oferta/4215/-smartphone-xiaomi-11t-pro-256gb--5g---varios-colores
287,"La plancha vertical Oster modelo GCSTBS100 que siempre cuesta 40-45 lucas, est√° s√≥lo por hoy a $31.990.- y con despacho gratis en la web de la marca.",https://descuentosrata.com/oferta/4213/plancha-a-vapor-vertical-portatil-osterr-con-almohadilla-gcstbs100
288,"Aud√≠fonos Inal√°mbricos Over-Ear Huawei Freebuds Studio bajaron a $129.990 en Ripley, con todo medio de pago.",https://descuentosrata.com/oferta/4212/-audifonos-inalambricos-over-ear-huawei-freebuds-studio
289,"Para los que quieren tener una olla a presi√≥n el√©ctrica multifunci√≥n, buena, bonita y a super buen precio, esta es la suya: Marca Begner Masterpro + un set de tuppers a $38.990.- en KWMarket",https://descuentosrata.com/oferta/4159/olla-a-presion-electrica-bergner-masterpro--set-de-4-contenedores-plasticos
290,"Micr√≥fono USB Razer Seiren Mini baj√≥ a $27.990 en Linio, pagando con la tarjetita esa.",https://descuentosrata.com/oferta/4209/-microfono-usb-razer-seiren-mini
291,"En Surprice! tienen estas tillas DC para mujer a $19.995, con todo medio de pago.",https://descuentosrata.com/oferta/4208/zapatillas-dc-shoes-midway-sn-mujer
292,Escritorio L√≠a natural/negro M+Design baj√≥ a $19.990 con todo medio de pago en la web del Easy.,https://descuentosrata.com/oferta/4206/centro-trabajo-lia-naturalnegro-mdesign
293,Pisco Reservado Icono Malpaso (40G) baj√≥ a $10.990 en la web del Laider (Normalmente est√° arriba de 18lks) ,https://descuentosrata.com/oferta/4205/-pisco-reservado-icono-malpaso-40g
294,Notebook Samsung Galaxy Book 2 + Smartwatch Samsung Galaxy Watch4 Classic (46mm) + Parlante Harman Onyx 6 baj√≥ a $799.990 en la tienda web Entel pagando con cualquier medio.,https://descuentosrata.com/oferta/4200/-notebook-samsung-galaxy-book-2---smartwatch-samsung-galaxy-watch4-classic-46mm--parl
295,"El tarro de 454g de la gran y m√≠tica cremita Cerave, que tanto me est√° salvando las manitos en esta pandemia, est√° a $11.999 con todo medio de pago en Farmacias Ahumada.",https://descuentosrata.com/oferta/4199/tarro-crema-hidratante-cerave-454g
296,"48x Latas de Golden Deer Lager por 14 lucas con todo medio de pago, en la web de Santa Rita.",https://descuentosrata.com/oferta/4198/-48x-latas-de-golden-deer-lager-500cc
297,El smartwatch Xiaomi Mi Watch Negro est√° pa todos los panitas a $59.990.- en LaPolar,https://descuentosrata.com/oferta/4196/-smartwatch-xiaomi-mi-watch-negro
298,"En Fashions Park en la secci√≥n Jeans y pantalones mujer, hay varios que est√°n 2x 20.990 y 2x 21.990.",https://descuentosrata.com/oferta/4195/categoria-de-jeans-mujer-con-descuento
299,Samsung Galaxy A01 Core baj√≥ a $29.990 en Abcdin,https://descuentosrata.com/oferta/4192/-smartphone-samsung-galaxy-a01-core-16gb
300,Parrilla y panini con revestimiento Bioceramic Oster baj√≥ a $42.990 con todo medio de pago en la web de Oster.,https://descuentosrata.com/oferta/4191/-parrilla-y-panini-revestimiento-bioceramic-ckstpa4881--oster
301,"El pack de Instant Pot Duo 60 + Freidora de aire Instant Vortex 4 en 1 de 1.9Lts, baj√≥ a $129.990 con todo medio de pago, en la Instant Store.",https://descuentosrata.com/oferta/4186/pack-olla-instant-pot-duo-60--freidora-de-aire-instant-vortex-4-en-1-de-19lts-negra
302,PlayStation 5 (version digital) est√° a $559.990 con todo medio de pago en Falaela. ,https://descuentosrata.com/oferta/4188/consola-playstation-5-version-digital
303,"Silla gamer Cougar outrider tama√±o S, a $169.990.- en tienda Travel.",https://descuentosrata.com/oferta/4184/silla-gamer-cougar-outrider-s
304,"Freidora de aire (air-fryer para los biling√ºes) manual de 4 litros Oster, baj√≥ a $49.990 en Hites, con todo medio de pago.",https://descuentosrata.com/oferta/4178/freidora-de-aire-manual-oster-4lts-ckstaf40m-052
305,Just Dance 2022 f√≠sico para Nintendo Switch baj√≥ a USD $20.99 en Amazon y m√°s env√≠o quedar√≠a en USD $30 (o sea m√°s econ√≥mico que comprarlo en Chile).,https://descuentosrata.com/oferta/4183/-just-dance-2022-nintendo-switch--fisico-brao6L
306,"Escritorio con 3 cajones a $19.990 en el Easy, con todo medio de pago.",https://descuentosrata.com/oferta/4182/escritorio-con-3-cajones-mdesign-color-tabaco
307,Respaldo 2 plazas + veladores monreale Favatex baj√≥ a $36.990 con todo medio de pago en la web de Easy.,https://descuentosrata.com/oferta/4177/respaldo-2-plazas--veladores-monreale-favatex
308,"El Nintendo Switch Sports f√≠sico, con la cosita para la pierna y todo, baj√≥ a $43.990 en Falabella con la tarjetita esa.",https://descuentosrata.com/oferta/4171/-videojuego-nintendo-switch-sports-fisico--nintendo-switch
309,"Notebook i3, 4G de ram, 256 ssd +16 intel optane, 14 pulgadas, por $300.000.- en l√≠der.",https://descuentosrata.com/oferta/4170/-notebook-hp-14-dq2025la-14-core-i3--4gb-ram--256gb-ssd
310,Cocina a gas 4 Platos Blanca (MV 110 T) Mademsa baj√≥ a $144.990 con todo medio de pago en la web del Laider.,https://descuentosrata.com/oferta/4169/cocina-a-gas-4-platos-blanca-mv-110-t-mademsa
311,"ALERTA DE TALADRUS Esmeril (4 1/2"") + Taladro (13mm B+D) Black & Decker baj√≥ a $49.990 con todo medio de pago en la web del Laider.",https://descuentosrata.com/oferta/4168/esmeril-4-12--taladro-13mm-bd-black--decker
312,Colch√≥n comprimido de una 1 Plaza Mainstays baj√≥ a $47.990 con todo medio de pago en la web del Laider.,https://descuentosrata.com/oferta/4166/colchon-comprimido-mainstays-1-plaza